,Ano/Mês,Códigodo fundo,Setor,Preço Atual,Liquidez Diária,Dividendo,DividendYield,DY (3M)Média,DY (6M)Média,DY (12M)Média,DY Ano,Variação Preço,Rentab.Período,Rentab.Acumulada,PatrimônioLíq.,VPA,P/VPA,VacânciaFísica,QuantidadeAtivos
0,Atual,ABCP11,Shoppings,70.84,0.004384498027663114,0.006993006993006993,0.03658536585365853,0.19111111111111112,0.25862068965517243,0.21568627450980396,0.1608910891089109,0.6991385023194169,0.659141494435612,0.759510609826037,0.27961328380847983,0.02261005224323919,0.4693877551020408,0.11151960784313726,0.015625
1,Atual,AFCR11,Híbrido,110.3,0.007028025051656442,0.15104895104895105,0.5853658536585366,0.41777777777777775,0.5172413793103449,0.0,0.5618811881188119,0.5384360503644798,0.532591414944356,0.759510609826037,0.031291888756807336,0.026948850482181225,0.7346938775510204,0.06617647058823531,0.0
2,Atual,AIEC11,Lajes Corporativas,86.27,0.07684554380145599,0.07972027972027973,0.39634146341463417,0.28444444444444444,0.3563218390804598,0.0,0.38613861386138615,0.5294897282968853,0.5144674085850556,0.6677499522079908,0.1249805540727867,0.02591064796051499,0.5306122448979592,0.0,0.03125
3,Atual,ALMI11,Lajes Corporativas,1160.0,0.0002382381373442862,0.0,0.0,0.0,0.0,0.0,0.0,0.714049039098741,0.6715421303656598,0.18237430701586693,0.058860405124095815,0.5709281086392886,0.22448979591836732,0.8351715686274511,0.015625
4,Atual,ALZR11,Logística,128.0,0.05315459364362324,0.0951048951048951,0.32926829268292684,0.21777777777777774,0.235632183908046,0.26143790849673204,0.2301980198019802,0.5298210735586482,0.5112877583465819,0.6845727394379658,0.1186264295015532,0.026543562866771408,0.9285714285714286,0.0,0.203125
5,Atual,ARCT11,Híbrido,108.14,0.00806344464857584,0.13986013986013984,0.5,1.0,1.0,1.0,0.9257425742574258,0.9671968190854872,0.9430842607313196,0.6180462626648824,0.041460582960258924,0.026329815288781304,0.7346938775510204,0.06617647058823531,0.03125
6,Atual,ARRI11,Títulos e Val. Mob.,102.46,0.008177982214606746,0.15664335664335666,0.6768292682926829,0.4711111111111112,0.6149425287356323,0.5751633986928104,0.6844059405940595,0.27203445990722336,0.2788553259141495,0.9516344867138214,0.00902570630335095,0.02486411761113486,0.7346938775510204,0.06617647058823531,0.0
7,Atual,ATSA11,Shoppings,107.97,0.0,0.03496503496503496,0.1097560975609756,0.08888888888888889,0.1264367816091954,0.16339869281045752,0.045792079207920784,0.6633532140490391,0.6286168521462641,0.744217166889696,0.044122817396198666,0.02547482497682088,0.7653061224489796,0.2732843137254902,0.015625
8,Atual,BARI11,Títulos e Val. Mob.,106.7,0.06818650380951945,0.14965034965034965,0.6097560975609756,0.4266666666666665,0.7298850574712644,0.6993464052287582,0.7512376237623762,0.5593108018555335,0.5542130365659776,0.7119097686866754,0.1217486281025162,0.026310383690782202,0.7244897959183674,0.06617647058823531,0.0
9,Atual,BBFO11,Títulos e Val. Mob.,87.98,0.005713133793621632,0.06993006993006992,0.3414634146341464,0.2355555555555556,0.0,0.0,0.3143564356435644,0.6242544731610338,0.6028616852146264,0.6721468170521888,0.0986862328273625,0.024608730894575253,0.5918367346938775,0.06617647058823531,0.0
10,Atual,BBPO11,Lajes Corporativas,114.1,0.08355744517086715,0.15104895104895105,0.573170731707317,0.4133333333333333,0.5344827586206897,0.5490196078431372,0.5816831683168316,0.6136514247846255,0.6047694753577108,0.8216402217549225,0.4152917968411612,0.025980046524797497,0.8163265306122449,0.0,1.0
11,Atual,BBRC11,Outros,116.0,0.0029229986851087423,0.12167832167832167,0.4573170731707317,0.3466666666666667,0.4310344827586207,0.4640522875816993,0.4764851485148514,0.6000662690523525,0.5856915739268679,0.6398394188491684,0.0467138525775232,0.029988507597754812,0.6836734693877551,0.06617647058823531,0.3125
12,Atual,BCFF11,Títulos e Val. Mob.,85.71,0.16864511222390718,0.06993006993006992,0.3475609756097561,0.27555555555555555,0.3448275862068965,0.3594771241830065,0.3032178217821782,0.7127236580516899,0.6890302066772654,0.6645000955840182,0.5533950339562297,0.02153853841071736,0.6836734693877551,0.06617647058823531,0.0
13,Atual,BCIA11,Títulos e Val. Mob.,96.26,0.056989311354338,0.08951048951048951,0.39634146341463417,0.28,0.3505747126436782,0.3660130718954249,0.3787128712871287,0.5099403578528827,0.4957074721780605,0.5117568342573121,0.10809884219698512,0.0293389370360706,0.5306122448979592,0.06617647058823531,0.0
14,Atual,BCRI11,Títulos e Val. Mob.,112.25,0.10615341619744444,0.2223776223776224,0.8414634146341463,0.5422222222222222,0.603448275862069,0.607843137254902,0.655940594059406,0.5361166335321405,0.5430842607313195,0.7782450774230548,0.1213903021876356,0.027726114402145247,0.7244897959183674,0.06617647058823531,0.0
15,Atual,BICR11,Títulos e Val. Mob.,94.91,0.000201586116214396,0.04895104895104895,0.22560975609756095,0.14666666666666667,0.16666666666666666,0.16339869281045752,0.1806930693069307,0.7080848243870113,0.67758346581876,0.6474861403173389,0.012051289271709184,0.02555810325395988,0.6326530612244898,0.06617647058823531,0.0
16,Atual,BLCP11,Outros,98.28,0.00024740114262675867,0.08671328671328671,0.3780487804878049,0.28444444444444444,0.3908045977011495,0.0,0.3254950495049505,0.5152418820410869,0.4995230524642289,0.6964251577136302,0.04989844023110968,0.026249312954213604,0.6428571428571429,0.06617647058823531,0.03125
17,Atual,BLMG11,Outros,101.75,0.3384951596424595,0.1020979020979021,0.4329268292682927,0.3111111111111111,0.0,0.0,0.2586633663366337,0.5381047051027171,0.5246422893481717,0.704263047218505,0.09744790584998367,0.02560529427767198,0.7040816326530612,0.0,0.015625
18,Atual,BLMR11,Títulos e Val. Mob.,82.5,0.03956127530707521,0.09090909090909093,0.4573170731707317,0.0,0.0,0.0,0.228960396039604,0.5417495029821074,0.529093799682035,0.6713821449053717,0.06254032229919049,0.02455876392829185,0.5408163265306123,0.06617647058823531,0.0
19,Atual,BMLC11,Lajes Corporativas,90.97,0.00034361269809272043,0.07412587412587412,0.35365853658536583,0.2444444444444445,0.3505747126436782,0.3986928104575163,0.275990099009901,0.5931080185553347,0.5736089030206678,0.6895431083922768,0.02692787916005144,0.02774554600014435,0.5204081632653061,0.06617647058823531,0.03125
20,Atual,BNFS11,Outros,123.6,0.0008521594912699468,0.1608391608391608,0.5609756097560976,0.3911111111111111,0.4885057471264368,0.5228758169934641,0.525990099009901,0.6749502982107356,0.6635930047694754,0.7683043395144331,0.01807016140272641,0.02688500380304132,0.8673469387755102,0.06617647058823531,0.28125
21,Atual,BPFF11,Títulos e Val. Mob.,78.55,0.0716913533300652,0.07972027972027973,0.4390243902439024,0.3244444444444444,0.4137931034482759,0.4313725490196079,0.448019801980198,0.7057654075546721,0.6868044515103339,0.7728923723953355,0.09806028117259898,0.02157462566414426,0.6020408163265306,0.06617647058823531,0.0
22,Atual,BRCO11,Logística,110.0,0.6911196734304917,0.07552447552447553,0.29878048780487804,0.21777777777777774,0.27586206896551724,0.3006535947712418,0.3007425742574257,0.5944333996023857,0.5720190779014308,0.6910724526859109,0.4160460078777962,0.02818692086898106,0.6836734693877551,0.07230392156862746,0.15625
23,Atual,BRCR11,Híbrido,83.37,0.1375733613110428,0.06433566433566433,0.32926829268292684,0.2444444444444445,0.3160919540229885,0.33986928104575165,0.2042079207920792,0.6474486414844268,0.6248012718600954,0.7489963678073026,0.7433879979522615,0.027900998784137158,0.4489795918367347,0.2732843137254902,0.21875
24,Atual,BREV11,Híbrido,106.51,0.0,0.05874125874125874,0.2378048780487805,0.17333333333333334,0.2183908045977012,0.0,0.1745049504950495,0.6000662690523525,0.5745627980922098,0.6119288854903461,0.02491439839036873,0.02751236682415514,0.6734693877551021,0.2573529411764706,0.1875
25,Atual,BTAL11,Outros,101.56,0.038562507731285715,0.06713286713286712,0.2804878048780488,0.0,0.0,0.0,0.099009900990099,0.6000662690523525,0.5764705882352942,0.7159242974574649,0.15551410426042794,0.025971718697083597,0.6836734693877551,0.06617647058823531,0.109375
26,Atual,BTCR11,Títulos e Val. Mob.,93.9,0.043052380319697256,0.09370629370629373,0.4329268292682927,0.30666666666666664,0.37931034482758624,0.3660130718954249,0.33663366336633666,0.6948310139165009,0.6759936406995231,0.8952399158860638,0.12025642122970726,0.02494739588827386,0.6428571428571429,0.06617647058823531,0.0
27,Atual,BTLG11,Logística,112.88,0.22332076474442086,0.09790209790209788,0.3780487804878049,0.2533333333333333,0.3160919540229885,0.3333333333333333,0.2747524752475248,0.6660039761431412,0.6454689984101748,0.6797935385203593,0.3391373665933427,0.0260272375485096,0.7959183673469388,0.0,0.234375
28,Atual,BZLI11,Títulos e Val. Mob.,14.7,0.20176479481740425,0.0,0.0,0.0,0.0,0.0,0.0,0.6613651424784626,0.6209856915739268,0.7449818390365129,0.11355103945143885,0.0012658298125128387,0.9591836734693876,0.06617647058823531,0.0
29,Atual,CBOP11,Lajes Corporativas,72.5,0.00295048770095616,0.06853146853146852,0.41463414634146345,0.2933333333333333,0.4310344827586207,0.4444444444444445,0.4084158415841584,0.5062955599734924,0.492845786963434,0.7734658765054483,0.0325848018828916,0.023279054402922512,0.4693877551020408,0.12708333333333333,0.015625
30,Atual,CEOC11,Lajes Corporativas,68.53,0.008448290870439686,0.061538461538461535,0.3780487804878049,0.28444444444444444,0.36781609195402293,0.3986928104575163,0.3155940594059406,0.607687210072896,0.5888712241653419,0.7396291340087937,0.040085148804765,0.022127038235832976,0.4591836734693878,0.0,0.015625
31,Atual,CNES11,Lajes Corporativas,42.61,0.0008475779886287103,0.009790209790209793,0.10365853658536586,0.08444444444444445,0.16091954022988508,0.21568627450980396,0.11014851485148516,0.6577203445990722,0.6228934817170111,0.367042630472185,0.06959992694081478,0.023567752430337718,0.12244897959183673,0.6678921568627452,0.015625
32,Atual,CPFF11,Híbrido,83.03,0.12362726727111957,0.11468531468531468,0.6036585365853658,0.4222222222222222,0.5517241379310345,0.4444444444444445,0.4702970297029703,0.630881378396289,0.6232114467408585,0.7474670235136686,0.08536709496105155,0.021233184727874343,0.6734693877551021,0.06617647058823531,0.0
33,Atual,CPTS11,Títulos e Val. Mob.,99.6,0.5225936802752567,0.14685314685314685,0.6341463414634146,0.4533333333333334,0.5862068965517242,0.5816993464052288,0.504950495049505,0.5622929092113984,0.5580286168521462,0.7621869623398967,0.4542147909907898,0.02450879696200845,0.7244897959183674,0.06617647058823531,0.0
34,Atual,CRFF11,Títulos e Val. Mob.,73.68,0.002955069203597396,0.06433566433566433,0.38414634146341453,0.28,0.3390804597701149,0.3594771241830065,0.37376237623762376,0.4476474486414845,0.4346581875993641,0.5666220607914356,0.01589104417819922,0.023931400907178033,0.4591836734693878,0.06617647058823531,0.0
35,Atual,CVBI11,Títulos e Val. Mob.,104.81,0.10422460358548397,0.13986013986013984,0.573170731707317,0.4266666666666665,0.7011494252873564,0.6405228758169934,0.4975247524752474,0.6418157720344599,0.6324324324324324,0.7635251385968266,0.15425839797964944,0.02586900882194549,0.7244897959183674,0.06617647058823531,0.0
36,Atual,CXCE11B,Outros,82.0,0.0018829975855481078,0.12727272727272726,0.6646341463414634,0.4755555555555556,0.5747126436781609,0.5947712418300654,0.6336633663366337,0.30384360503644803,0.3090620031796502,0.4517300707321735,0.035303445481795134,0.020591941993904028,0.6836734693877551,0.0,0.015625
37,Atual,CXCO11,Lajes Corporativas,102.4,0.01640636095826709,0.10069930069930068,0.4268292682926829,0.0,0.0,0.0,0.15717821782178218,0.6119946984758119,0.5955484896661367,0.7935385203593959,0.10141466766342204,0.02588566447737329,0.6938775510204082,0.06617647058823531,0.0
38,Atual,CXRI11,Híbrido,92.15,0.0044028240382280575,0.07552447552447553,0.3475609756097561,0.2622222222222222,0.3275862068965517,0.3790849673202614,0.3589108910891089,0.5881378396288933,0.5685214626391097,0.4691263620722615,0.038014537497943965,0.024386655488871242,0.6428571428571429,0.06617647058823531,0.0
39,Atual,DEVA11,Títulos e Val. Mob.,108.5,0.2261292258634987,0.1916083916083916,0.7621951219512195,0.5377777777777778,0.0,0.0,0.6163366336633663,0.44068919814446655,0.44642289348171693,0.3460141464347161,0.16338098340573542,0.025519240057961683,0.7755102040816326,0.06617647058823531,0.0
40,Atual,DRIT11B,Lajes Corporativas,116.0,5.497803169483528e-05,0.03496503496503496,0.13414634146341464,0.11555555555555555,0.0,0.0,0.12376237623762375,0.4317428760768721,0.4073131955484897,0.4800229401644045,0.014999652216075738,0.034527173701830456,0.5510204081632653,0.29068627450980394,0.09375
41,Atual,EDFO11B,Lajes Corporativas,251.33,4.123352377112645e-05,0.1902097902097902,0.32926829268292684,0.24,0.32183908045977017,0.3725490196078431,0.3452970297029703,0.6739562624254474,0.6505564387917329,0.7759510609826036,0.012303615079766388,0.05742869991505616,0.8571428571428571,0.08529411764705883,0.015625
42,Atual,EDGA11,Lajes Corporativas,26.77,0.005021326894794955,0.013986013986013986,0.23170731707317074,0.2222222222222222,0.0,0.0,0.23886138613861385,0.6302186878727634,0.6031796502384738,0.4865226534123494,0.07731082133372104,0.01995902708764761,0.0,0.5669117647058823,0.015625
43,Atual,EURO11,Logística,208.8,0.0006872253961854409,0.1888111888111888,0.39634146341463417,0.2888888888888889,0.4482758620689655,0.3725490196078431,0.3935643564356436,0.6047051027170312,0.5869634340222575,0.6968074937870387,0.02748595128455368,0.07676313992416127,0.4081632653061225,0.0,0.09375
44,Atual,EVBI11,Híbrido,101.99,0.00026572715319170384,0.08951048951048951,0.38414634146341453,0.27555555555555555,0.0,0.0,0.3007425742574257,0.5480450629555997,0.5316375198728139,0.8092142993691455,0.026744932066204728,0.02526107739883077,0.7142857142857143,0.0,0.03125
45,Atual,FAED11,Outros,150.0,0.002185376759869702,0.15524475524475526,0.4207317073170732,0.3022222222222222,0.37931034482758624,0.4117647058823529,0.33663366336633666,0.4052352551358516,0.3955484896661367,0.4243930414834639,0.03490570914228945,0.05745368339819786,0.3673469387755102,0.0,0.046875
46,Atual,FATN11,Híbrido,102.32,0.0002336566347030499,0.09370629370629373,0.39634146341463417,0.2933333333333333,0.3563218390804598,0.3660130718954249,0.32054455445544555,0.7882703777335984,0.7643879173290938,0.8185815331676544,0.014174795854743431,0.025932855501085397,0.6938775510204082,0.0,0.109375
47,Atual,FCFL11,Outros,112.35,0.008429964859874742,0.08671328671328671,0.3414634146341464,0.2444444444444445,0.2931034482758621,0.3333333333333333,0.2673267326732673,0.6467859509609013,0.6251192368839427,0.7314089084305103,0.09081697755469263,0.026235433241357103,0.7857142857142857,0.0,0.015625
48,Atual,FEXC11,Títulos e Val. Mob.,97.85,0.009153842277190074,0.13706293706293704,0.6341463414634146,0.4355555555555555,0.4655172413793104,0.4705882352941176,0.4603960396039604,0.5990722332670644,0.5936406995230524,0.7872299751481552,0.08431900806322358,0.024639266262859557,0.6938775510204082,0.06617647058823531,0.0
49,Atual,FIGS11,Shoppings,59.66,0.019150681040367615,0.020979020979020976,0.1524390243902439,0.08888888888888889,0.2011494252873563,0.0,0.18193069306930693,0.6500994035785289,0.6181240063593004,0.532785318294781,0.06922199986375166,0.024314480982017446,0.2959183673469388,0.14950980392156862,0.03125
50,Atual,FIIB11,Híbrido,500.61,0.006130050533974133,0.4615384615384615,0.4024390243902439,0.28444444444444444,0.3390804597701149,0.33986928104575165,0.3069306930693069,0.6494367130550034,0.6305246422893481,0.6767348499330911,0.07799005388672144,0.1208617636118344,0.8061224489795918,0.04816176470588236,0.015625
51,Atual,FIIP11B,Logística,194.01,0.0068722539618544095,0.15664335664335666,0.3353658536585366,0.2622222222222222,0.3333333333333333,0.5816993464052288,0.3626237623762376,0.6573889993373094,0.6349761526232115,0.7522462244312751,0.04578893162834122,0.05173246575874838,0.6734693877551021,0.0,0.109375
52,Atual,FIVN11,Shoppings,2.97,0.1218496442463199,0.0,0.0,0.0,0.0,0.0,0.0,0.6388336646785951,0.5993640699523053,0.723188682852227,0.016045037488787158,0.0,0.09183673469387756,0.6862745098039216,0.015625
53,Atual,FLRP11,Shoppings,1312.0,2.748901584741764e-05,0.5594405594405594,0.18292682926829268,0.17333333333333334,0.235632183908046,0.0,0.2079207920792079,0.6971504307488404,0.6651828298887122,0.7748040527623781,0.02737775026996486,0.4593740804690232,0.4591836734693878,0.02524509803921569,0.015625
54,Atual,FPAB11,Lajes Corporativas,258.8,3.207051848865391e-05,0.1678321678321678,0.27439024390243905,0.1955555555555556,0.25862068965517243,0.33986928104575165,0.2648514851485149,0.3522200132538105,0.3376788553259141,0.5652838845345058,0.08661983122830087,0.12249956972890146,0.24489795918367346,0.4698529411764706,0.015625
55,Atual,FVPQ11,Shoppings,136.53,0.0016676669614100034,0.19580419580419575,0.6158536585365854,0.21333333333333326,0.1839080459770115,0.2810457516339869,0.17079207920792078,0.5357852882703777,0.5316375198728139,0.6893519403555725,0.14213082619125406,0.052565248530138414,0.3673469387755102,0.06495098039215688,0.015625
56,Atual,GALG11,Híbrido,109.98,0.2298677320187475,0.11748251748251748,0.4634146341463415,0.3333333333333333,0.4252873563218391,0.0,0.4603960396039604,0.5894632206759445,0.5758346581875994,0.7832154463773656,0.1470673416677811,0.0262021219305015,0.7653061224489796,0.0,0.09375
57,Atual,GCFF11,Títulos e Val. Mob.,95.31,0.010074724308078565,0.13006993006993006,0.573170731707317,0.4133333333333333,0.4827586206896552,0.0,0.4554455445544554,0.6590457256461233,0.648966613672496,0.8895048747849359,0.007691728319415889,0.024914084577418262,0.6632653061224489,0.06617647058823531,0.0
58,Atual,GGRC11,Logística,120.0,0.05183512088294719,0.09790209790209788,0.35365853658536583,0.2444444444444445,0.3103448275862069,0.33986928104575165,0.34282178217821785,0.5897945659377071,0.5704292527821939,0.4859491493022366,0.2504626560403989,0.0326506365236316,0.6326530612244898,0.0,0.234375
59,Atual,GTWR11,Lajes Corporativas,106.34,0.044472646138480496,0.09370629370629373,0.38414634146341453,0.27555555555555555,0.3563218390804598,0.392156862745098,0.3873762376237624,0.5937707090788602,0.5758346581875994,0.7575989294589943,0.3137651702623395,0.02606332480193649,0.7346938775510204,0.0,0.015625
60,Atual,HAAA11,Lajes Corporativas,101.0,0.0012049351946451395,0.07272727272727272,0.3170731707317073,0.2266666666666667,0.0,0.0,0.1905940594059406,0.6192842942345925,0.5968203497615263,0.7413496463391321,0.06781260664524741,0.02511395244255187,0.7142857142857143,0.036764705882352935,0.015625
61,Atual,HABT11,Títulos e Val. Mob.,124.66,0.09226688169185727,0.2517482517482517,0.8658536585365854,0.6133333333333333,0.7068965517241379,0.7254901960784315,0.7623762376237624,0.7571239231278993,0.7596184419713831,0.857579812655324,0.14074688266061994,0.025999478122796595,0.9183673469387756,0.06617647058823531,0.0
62,Atual,HBRH11,Híbrido,94.0,0.007577805368604795,0.09230769230769233,0.4268292682926829,0.2977777777777778,0.0,0.0,0.25,0.5321404903909875,0.5186009538950715,0.6465303001338176,0.06306005127053432,0.028442307585540668,0.5306122448979592,0.06617647058823531,0.046875
63,Atual,HCTR11,Outros,138.76,0.308971956622333,0.2797202797202797,0.8597560975609756,0.6044444444444445,0.8505747126436781,0.8954248366013072,0.6806930693069307,0.4711729622266402,0.481081081081081,0.6597208946664117,0.3091980033212835,0.030474297547732333,0.8673469387755102,0.06617647058823531,0.0
64,Atual,HFOF11,Títulos e Val. Mob.,98.41,0.06765504950313604,0.0839160839160839,0.36585365853658536,0.2622222222222222,0.3390804597701149,0.3725490196078431,0.349009900990099,0.6434724983432738,0.6228934817170111,0.6960428216402217,0.5379327073136375,0.02476973556371066,0.6938775510204082,0.06617647058823531,0.0
65,Atual,HGBS11,Shoppings,199.78,0.04077079200436159,0.04895104895104895,0.10365853658536586,0.08444444444444445,0.15517241379310345,0.1437908496732026,0.16336633663366334,0.5828363154406891,0.551033386327504,0.6061938443892181,0.5707475759506502,0.059080385744979716,0.5816326530612245,0.09767156862745098,0.265625
66,Atual,HGCR11,Títulos e Val. Mob.,105.31,0.4984033463295292,0.1048951048951049,0.4268292682926829,0.2933333333333333,0.3735632183908046,0.3660130718954249,0.39232673267326734,0.5798542080848244,0.5647058823529412,0.8566239724718028,0.3361805135600098,0.027154270232457433,0.6836734693877551,0.06617647058823531,0.0
67,Atual,HGFF11,Títulos e Val. Mob.,85.05,0.02357641259180186,0.06993006993006992,0.35365853658536583,0.26666666666666666,0.3735632183908046,0.3986928104575163,0.36386138613861385,0.50960901259112,0.4931637519872814,0.5490346014146434,0.07123957536074052,0.02494184400313126,0.5510204081632653,0.06617647058823531,0.0
68,Atual,HGIC11,Títulos e Val. Mob.,106.38,6.414103697730782e-05,0.10909090909090907,0.4451219512195122,0.2222222222222222,0.0,0.0,0.18564356435643564,0.6829025844930418,0.6648648648648648,0.8877843624545975,0.002624588376251,0.02672955101904852,0.7040816326530612,0.06617647058823531,0.0
69,Atual,HGLG11,Logística,169.9,0.14425319216196528,0.13986013986013984,0.3597560975609756,0.21777777777777774,0.3620689655172414,0.3464052287581699,0.2908415841584158,0.5540092776673294,0.5360890302066773,0.6583827184094818,0.7031893333613134,0.03883543657248819,0.8367346938775511,0.1862745098039216,0.265625
70,Atual,HGPO11,Lajes Corporativas,222.27,0.005955953433607154,0.1636363636363636,0.3231707317073171,0.21333333333333326,0.26436781609195403,0.2875816993464052,0.2871287128712871,0.6613651424784626,0.6378378378378379,0.6704263047218505,0.10382752120731492,0.06576763139924162,0.5816326530612245,0.0,0.03125
71,Atual,HGRE11,Lajes Corporativas,126.6,0.1688970948691752,0.09650349650349647,0.32926829268292684,0.2222222222222222,0.28735632183908044,0.3071895424836601,0.29826732673267325,0.41981444665341294,0.405087440381558,0.4911106862932517,0.5193545464319829,0.04505909981734298,0.4183673469387755,0.28700980392156866,0.328125
72,Atual,HGRU11,Híbrido,121.94,0.1761862655713821,0.09790209790209788,0.35365853658536583,0.2488888888888889,0.3160919540229885,0.35294117647058826,0.34034653465346537,0.5791915175612989,0.5602543720190779,0.6459567960237048,0.5639182827587527,0.030829618196858744,0.7040816326530612,0.0,0.25
73,Atual,HLOG11,Logística,113.0,0.003752250663172507,0.08811188811188811,0.3353658536585366,0.24,0.3160919540229885,0.35294117647058826,0.3341584158415842,0.5669317428760768,0.5475357710651828,0.6874402599885299,0.1313154616575284,0.03126544118055285,0.6224489795918368,0.20833333333333331,0.046875
74,Atual,HOSI11,Híbrido,80.5,0.007229611167870837,0.07552447552447553,0.4085365853658537,0.3022222222222222,0.37931034482758624,0.3202614379084967,0.4183168316831683,0.6640159045725648,0.6448330683624801,0.6801758745937678,0.01297232243625841,0.023753740582614823,0.5408163265306123,0.06617647058823531,0.03125
75,Atual,HPDP11,Shoppings,82.48,3.6652021129890176e-05,0.011188811188811187,0.060975609756097573,0.02666666666666666,0.1149425287356322,0.0,0.09777227722772278,0.6189529489728297,0.583147853736089,0.6553240298222137,0.0754547615771008,0.026068876687079096,0.4897959183673469,0.04044117647058824,0.015625
76,Atual,HREC11,Títulos e Val. Mob.,101.48,0.00026114565055046756,0.14545454545454545,0.6280487804878049,0.38666666666666666,0.32183908045977017,0.0,0.41336633663366334,0.5579854208084825,0.553577106518283,0.7505257121009367,0.022177371015023543,0.025294388709686373,0.7142857142857143,0.06617647058823531,0.0
77,Atual,HSAF11,Títulos e Val. Mob.,101.95,0.011586620179686534,0.15384615384615385,0.6585365853658537,0.4844444444444445,0.5632183908045977,0.0,0.6361386138613861,0.6653412856196157,0.6594594594594595,0.9906327662014912,0.022385642166073944,0.025505360345105182,0.7040816326530612,0.06617647058823531,0.0
78,Atual,HSLG11,Logística,105.49,0.0405325538670173,0.0811188811188811,0.3353658536585366,0.2355555555555556,0.0,0.0,0.3254950495049505,0.568257123923128,0.5488076311605723,0.6400305868858726,0.3459606404465888,0.02731805084416413,0.6734693877551021,0.05637254901960784,0.078125
79,Atual,HSML11,Shoppings,90.0,0.11050126220397766,0.04895104895104895,0.23170731707317074,0.12,0.2183908045977012,0.24183006535947715,0.21782178217821785,0.6845593108018555,0.6556438791732909,0.623590135729306,0.3996214820137188,0.02516669535140657,0.5918367346938775,0.06127450980392157,0.078125
80,Atual,HUSC11,Outros,131.0,0.00043066124827620964,0.1020979020979021,0.32926829268292684,0.24,0.2931034482758621,0.3202614379084967,0.3180693069306931,0.6282306163021869,0.6063593004769475,0.5203593959090039,0.026033278614897702,0.03414964551213364,0.6836734693877551,0.06617647058823531,0.0
81,Atual,IBFF11,Títulos e Val. Mob.,68.79,0.01116970343933403,0.04895104895104895,0.3048780487804878,0.2355555555555556,0.2988505747126437,0.35294117647058826,0.2561881188118812,0.5182239893969517,0.4988871224165342,0.5524756260753202,0.01407840345686849,0.02193549819841327,0.4693877551020408,0.06617647058823531,0.0
82,Atual,IFID11,Títulos e Val. Mob.,94.42,0.0008338334807050017,0.12307692307692307,0.573170731707317,0.0,0.0,0.0,0.2945544554455445,0.5271703114645461,0.5208267090620032,0.6515006690881284,0.017726986379741815,0.02454210827286405,0.6632653061224489,0.06617647058823531,0.0
83,Atual,IFIE11,Títulos e Val. Mob.,93.99,0.0025381524632448953,0.05734265734265734,0.25609756097560976,0.1955555555555556,0.2413793103448276,0.0,0.2165841584158416,0.5636182902584493,0.5405405405405405,0.8162875167272031,0.02017220202174284,0.022965372892365603,0.7244897959183674,0.06617647058823531,0.0
84,Atual,IRDM11,Títulos e Val. Mob.,131.39,0.23386280232190554,0.1622377622377622,0.5,0.38666666666666666,0.5517241379310345,0.5816993464052288,0.4368811881188119,0.6941683233929756,0.6788553259141494,0.7245268591091569,0.5673940178418305,0.025649709358812785,1.0,0.06617647058823531,0.0
85,Atual,JFLL11,Residencial,94.02,0.0034911050126220397,0.08671328671328671,0.39634146341463417,0.2888888888888889,0.0,0.0,0.33292079207920794,0.5781974817760107,0.5615262321144674,0.6717644809787803,0.03692000825808967,0.024925188347703464,0.6428571428571429,0.36764705882352944,0.03125
86,Atual,JPPA11,Títulos e Val. Mob.,99.6,0.0014156843161420086,0.14825174825174825,0.6463414634146342,0.4666666666666667,0.5229885057471264,0.0,0.5891089108910891,0.5964214711729622,0.5917329093799683,0.8269929267826419,0.01543810070068615,0.02681282929618752,0.6326530612244898,0.06617647058823531,0.0
87,Atual,JRDM11,Shoppings,68.49,0.002551896971168604,0.03916083916083917,0.25,0.2,0.19540229885057472,0.13071895424836602,0.16831683168316833,0.6915175612988734,0.6632750397456278,0.8359778245077422,0.05646271165475246,0.02231580233068138,0.4489795918367347,0.04620098039215687,0.015625
88,Atual,JSRE11,Híbrido,90.05,0.09099780546023484,0.07412587412587412,0.35365853658536583,0.2533333333333333,0.32183908045977017,0.35294117647058826,0.34282178217821785,0.5089463220675945,0.4925278219395866,0.6088701969030778,0.6131869119958815,0.029638738833771005,0.4591836734693878,0.15808823529411767,0.078125
89,Atual,KFOF11,Títulos e Val. Mob.,93.31,0.024932537373607795,0.07692307692307693,0.36585365853658536,0.2577777777777778,0.3103448275862069,0.3333333333333333,0.34405940594059403,0.5374420145791916,0.5205087440381558,0.5832536799847065,0.12297833351249865,0.02722922068188253,0.5612244897959183,0.06617647058823531,0.0
90,Atual,KISU11,Títulos e Val. Mob.,115.68,0.03231791963128067,0.08951048951048951,0.3231707317073171,0.2622222222222222,0.0,0.0,0.3725247524752475,0.0,0.0,1.0,0.017975757085761532,0.024364447948300845,0.8979591836734694,0.06617647058823531,0.0
91,Atual,KNCR11,Títulos e Val. Mob.,91.92,0.15588104586542295,0.04895104895104895,0.23170731707317074,0.15555555555555556,0.20689655172413796,0.21568627450980396,0.2042079207920792,0.5188866799204771,0.4960254372019078,0.803096922194609,1.0,0.025405426412538373,0.6020408163265306,0.06617647058823531,0.0
92,Atual,KNHY11,Títulos e Val. Mob.,111.05,0.030031749813303768,0.15244755244755245,0.5914634146341463,0.4444444444444444,0.6149425287356323,0.5424836601307189,0.6633663366336634,0.5742213386348576,0.5675675675675675,0.8197285413878799,0.2842491702844906,0.026540786924200116,0.7551020408163265,0.06617647058823531,0.0
93,Atual,KNRI11,Híbrido,141.54,0.19859439498966872,0.09650349650349647,0.2926829268292683,0.20444444444444448,0.25287356321839083,0.2745098039215686,0.2797029702970297,0.5182239893969517,0.4982511923688394,0.5700630854521124,0.980513887517808,0.04142261504893988,0.5816326530612245,0.0672794117647059,0.3125
94,Atual,KNSC11,Títulos e Val. Mob.,101.57,0.23138420939299675,0.13986013986013984,0.5853658536585366,0.4,0.5574712643678161,0.0,0.6138613861386139,0.7054340622929092,0.6944356120826709,0.8292869432230929,0.06463882283618122,0.02461705872228915,0.7346938775510204,0.06617647058823531,0.0
95,Atual,LASC11,Shoppings,94.76,0.0002336566347030499,0.033566433566433566,0.15853658536585366,0.14666666666666667,0.26436781609195403,0.2287581699346405,0.25123762376237624,0.6418157720344599,0.610174880763116,0.6457656279870005,0.06691759513342597,0.026793397698188417,0.5918367346938775,0.0428921568627451,0.046875
96,Atual,LGCP11,Logística,93.4,0.009717367102062134,0.07552447552447553,0.3475609756097561,0.2622222222222222,0.2988505747126437,0.3333333333333333,0.34158415841584155,0.617296222664016,0.5971383147853736,0.6851462435480786,0.0694524706884457,0.025527567885675582,0.6122448979591837,0.0,0.078125
97,Atual,LUGG11,Residencial,95.0,0.0009437895440946723,0.07552447552447553,0.3475609756097561,0.24,0.28735632183908044,0.3071895424836601,0.3180693069306931,0.6391650099403579,0.617806041335453,0.6746320015293442,0.024804548400119975,0.02847006701125367,0.5408163265306123,0.03308823529411765,0.0625
98,Atual,LVBI11,Logística,105.29,0.1132089302649483,0.07832167832167833,0.3231707317073171,0.2222222222222222,0.25862068965517243,0.29411764705882354,0.2339108910891089,0.44963552021206105,0.4337042925278219,0.5522844580386159,0.3370540375038651,0.028706022129814174,0.6224489795918368,0.012254901960784315,0.125
99,Atual,MALL11,Shoppings,97.69,0.07733576458406828,0.06293706293706293,0.2804878048780488,0.2,0.2988505747126437,0.2875816993464052,0.3118811881188119,0.5414181577203446,0.5201907790143083,0.6165169183712483,0.20505856870659486,0.02714594240474353,0.6020408163265306,0.036764705882352935,0.109375
100,Atual,MBRF11,Outros,875.1,0.00026114565055046756,1.0,0.5,0.3733333333333333,0.0,0.0,0.4900990099009901,0.9937044400265076,0.9688394276629568,0.5524756260753202,0.029347627162484794,0.3147474725042888,0.4387755102040816,0.0,0.03125
101,Atual,MCCI11,Títulos e Val. Mob.,102.4,0.13015590853488124,0.09790209790209788,0.4207317073170732,0.3022222222222222,0.3735632183908046,0.40522875816993453,0.33663366336633666,0.6259111994698476,0.6085850556438791,0.7556872490919518,0.22963913584276915,0.02563582964595628,0.7040816326530612,0.06617647058823531,0.0
102,Atual,MFAI11,Híbrido,98.7,0.0028771836586963797,0.12447552447552447,0.5426829268292683,0.4044444444444445,0.4540229885057471,0.0,0.4888613861386138,0.5603048376408217,0.5516693163751987,0.4976103995411966,0.0067252577177011955,0.024644818148002155,0.7040816326530612,0.06617647058823531,0.0
103,Atual,MFII11,Híbrido,113.9,0.036858188748745815,0.12727272727272726,0.4817073170731708,0.3466666666666667,0.4425287356321839,0.5098039215686274,0.478960396039604,0.4738237243207423,0.4648648648648648,0.5278149493404702,0.12277844109318155,0.03117105913312865,0.6326530612244898,0.06617647058823531,0.140625
104,Atual,MGCR11,Títulos e Val. Mob.,99.3,0.00399507030315803,0.12587412587412586,0.5487804878048781,0.4044444444444445,0.4655172413793104,0.0,0.4294554455445545,0.5805168986083499,0.5713831478537361,0.8722997514815521,0.034381462245573174,0.02449769319172325,0.7142857142857143,0.06617647058823531,0.0
105,Atual,MGFF11,Títulos e Val. Mob.,83.0,0.12997722993187305,0.0839160839160839,0.4268292682926829,0.3244444444444444,0.4022988505747126,0.4183006535947713,0.36386138613861385,0.5705765407554673,0.5558028616852146,0.7495698719174154,0.20203267833525249,0.022004896762695767,0.6326530612244898,0.06617647058823531,0.0
106,Atual,MGHT11,Hotel,98.37,9.621155546596172e-05,0.07132867132867132,0.3170731707317073,0.26666666666666666,0.3505747126436782,0.392156862745098,0.3032178217821782,0.6832339297548046,0.6588235294117647,0.7468935194035558,0.0269824474012818,0.02639643791049251,0.6326530612244898,0.06617647058823531,0.0
107,Atual,MORE11,Títulos e Val. Mob.,87.96,0.025436502664143785,0.08671328671328671,0.4207317073170732,0.26666666666666666,0.37931034482758624,0.4379084967320261,0.2797029702970297,0.3817097415506959,0.37297297297297294,0.38883578665647106,0.05935597485133433,0.025777402717092588,0.5510204081632653,0.06617647058823531,0.0
108,Atual,MXRF11,Híbrido,10.43,1.0,0.009790209790209793,0.4024390243902439,0.3244444444444444,0.4137931034482759,0.4379084967320261,0.4554455445544554,0.6110006626905236,0.593322734499205,0.7851271267444083,0.5904056629372527,0.0008688700248169265,0.7142857142857143,0.06617647058823531,0.0
109,Atual,NCHB11,Títulos e Val. Mob.,94.86,0.02657729682181162,0.09090909090909093,0.4024390243902439,0.3377777777777778,0.5574712643678161,0.3660130718954249,0.4282178217821782,0.4907223326706429,0.4775834658187599,0.657044542152552,0.03418502751152515,0.02399247164374663,0.6938775510204082,0.06617647058823531,0.0
110,Atual,NEWL11,Híbrido,105.5,0.007816043505949081,0.12587412587412586,0.5182926829268293,0.38222222222222224,0.4942528735632184,0.5032679738562091,0.5297029702970297,0.6663353214049039,0.6531001589825121,0.8040527623781304,0.040087025848404116,0.028736557498098482,0.6326530612244898,0.0,0.015625
111,Atual,NEWU11,Lajes Corporativas,36.48,0.000403172232428792,0.0,0.0,0.0,0.05172413793103448,0.9084967320261436,0.07549504950495049,0.5049701789264415,0.470906200317965,0.1187153507933473,0.011466623878198213,0.01575902597727058,0.2346938775510204,0.7830882352941176,0.046875
112,Atual,NSLU11,Hospital,244.1,0.0039584182820281396,0.2517482517482517,0.4390243902439024,0.3111111111111111,0.37931034482758624,0.5098039215686274,0.33910891089108913,0.4847581179589132,0.47344992050874396,0.6042821640221755,0.06261332558364323,0.05721772827963735,0.8265306122448979,0.0,0.015625
113,Atual,NVHO11,Hospital,14.02,0.001388195300294591,0.009790209790209793,0.29878048780487804,0.20888888888888887,0.3103448275862069,0.33986928104575165,0.2685643564356436,0.5062955599734924,0.4871224165341813,0.1320971133626457,0.13271686202385352,0.0015212165290724466,0.8061224489795918,0.06617647058823531,0.015625
114,Atual,ONEF11,Lajes Corporativas,140.65,0.0073670562471079264,0.08951048951048951,0.2804878048780488,0.2,0.0,0.0,0.275990099009901,0.6673293571901922,0.6413354531001589,0.6801758745937678,0.03721943256729834,0.042646805722883215,0.5510204081632653,0.0,0.015625
115,Atual,OUFF11,Títulos e Val. Mob.,83.0,0.01893535041622952,0.09790209790209788,0.5060975609756098,0.35111111111111115,0.4597701149425288,0.457516339869281,0.3762376237623761,0.6332007952286283,0.6203497615262321,0.7147772892372395,0.04136697878018357,0.0229015262132257,0.6020408163265306,0.06617647058823531,0.0
116,Atual,OUJP11,Títulos e Val. Mob.,101.5,0.031337478066056114,0.09090909090909093,0.3902439024390244,0.27555555555555555,0.4137931034482759,0.40522875816993453,0.4022277227722773,0.5344599072233268,0.5186009538950715,0.6790288663735422,0.08658664444206125,0.02676563827247542,0.6530612244897959,0.06617647058823531,0.0
117,Atual,OULG11,Outros,69.67,0.009025560203235456,0.06993006993006992,0.451219512195122,0.31555555555555553,0.4080459770114943,0.4509803921568627,0.34282178217821785,0.4204771371769384,0.4117647058823529,0.5364175109921621,0.05967841162388829,0.02410628528916994,0.4081632653061225,0.0,0.03125
118,Atual,OURE11,Títulos e Val. Mob.,88.13,0.005905556904553556,0.10769230769230767,0.5365853658536586,0.3555555555555556,0.4827586206896552,0.4901960784313725,0.3762376237623761,0.4874088800530153,0.4807631160572337,0.623590135729306,0.02075224466195717,0.025760747061664792,0.5510204081632653,0.06617647058823531,0.0
119,Atual,PATC11,Lajes Corporativas,67.76,0.03333959472027636,0.04475524475524476,0.2865853658536585,0.20444444444444448,0.235632183908046,0.24183006535947715,0.25742574257425743,0.5788601722995362,0.5564387917329093,0.3846300898489772,0.07766565293156848,0.022171453316973774,0.4489795918367347,0.20833333333333331,0.09375
120,Atual,PATL11,Híbrido,88.06,0.12518955967178114,0.07972027972027973,0.38414634146341453,0.27555555555555555,0.3505747126436782,0.0,0.3787128712871287,0.5321404903909875,0.5166931637519873,0.7056012234754349,0.12449697974211744,0.02487799732399136,0.5816326530612245,0.0857843137254902,0.03125
121,Atual,PLCR11,Híbrido,93.55,0.030086727844998606,0.13286713286713284,0.6158536585365854,0.3955555555555556,0.5057471264367817,0.457516339869281,0.5470297029702971,0.5381047051027171,0.5338632750397456,0.7914356719556489,0.05271628097706543,0.02517502317912047,0.6326530612244898,0.06617647058823531,0.0
122,Atual,PLOG11,Logística,94.32,0.0003985907297875557,0.0951048951048951,0.4390243902439024,0.0,0.0,0.0,0.1745049504950495,0.5387673956262427,0.5255961844197138,0.6916459567960237,0.017789641328714956,0.02456709175600575,0.6632653061224489,0.0,0.015625
123,Atual,PLRI11,Títulos e Val. Mob.,45.84,0.00048563927997104494,0.032167832167832165,0.3109756097560976,0.1955555555555556,0.3045977011494253,0.3464052287581699,0.32054455445544555,0.6686547382372432,0.6441971383147853,0.7359969413114127,0.012823925489969005,0.013343955940239507,0.5,0.06617647058823531,0.0
124,Atual,PORD11,Títulos e Val. Mob.,101.68,0.025821348886007636,0.13986013986013984,0.5914634146341463,0.3955555555555556,0.5,0.5490196078431372,0.5272277227722773,0.6229290921139828,0.6146263910969794,0.7969795450200725,0.05122509991331105,0.0262382091839284,0.6734693877551021,0.06617647058823531,0.0
125,Atual,PQAG11,Logística,63.39,0.00034361269809272043,0.050349650349650346,0.3414634146341464,0.2444444444444445,0.2988505747126437,0.0,0.327970297029703,0.5543406229290921,0.5357710651828299,0.5865035366086789,0.19711237201112156,0.013182951271104104,0.8469387755102041,0.0,0.015625
126,Atual,PQDP11,Shoppings,2853.0,6.872253961854409e-05,0.2629370629370629,0.042682926829268296,0.08,0.15517241379310345,0.0,0.13242574257425746,0.6146454605699139,0.5783783783783784,0.7566430892754731,0.22308282285846592,1.0,0.4591836734693878,0.05147058823529412,0.015625
127,Atual,PRSV11,Lajes Corporativas,142.0,0.00020616761885563226,0.22657342657342655,0.25609756097560976,0.2266666666666667,0.27586206896551724,0.32679738562091504,0.551980198019802,0.8144466534128563,0.7818759936406996,0.5081246415599311,0.011209941379678413,0.06392162958932705,0.2653061224489796,0.5012254901960784,0.03125
128,Atual,PVBI11,Lajes Corporativas,95.3,0.12539114578799554,0.07552447552447553,0.3475609756097561,0.2355555555555556,0.2988505747126437,0.0,0.2623762376237624,0.5821736249171637,0.562798092209857,0.7113362645765627,0.24302556939946585,0.02485856572599226,0.6632653061224489,0.0,0.046875
129,Atual,QAGR11,Outros,53.74,0.07817876107005575,0.053146853146853135,0.4329268292682927,0.3244444444444444,0.3850574712643679,0.35294117647058826,0.3774752475247525,0.5719019218025183,0.5573926868044515,0.7549225769451346,0.07587170103547056,0.014326639610479738,0.5918367346938775,0.06617647058823531,0.1875
130,Atual,QIFF11,Títulos e Val. Mob.,101.18,2.2907513206181364e-05,0.1020979020979021,0.4268292682926829,0.31555555555555553,0.4310344827586207,0.0,0.4443069306930693,0.6355202120609675,0.6184419713831479,0.8747849359587077,0.003035442539544214,0.02551646411539038,0.6938775510204082,0.06617647058823531,0.0
131,Atual,RBCO11,Lajes Corporativas,57.5,0.009776926636398208,0.054545454545454536,0.4085365853658537,0.27555555555555555,0.3620689655172414,0.3790849673202614,0.3935643564356436,0.5198807157057654,0.5058823529411764,0.17281590518065376,0.09906558879555218,0.0262937280353544,0.2346938775510204,0.3921568627450981,0.0625
132,Atual,RBDS11,Residencial,20.85,0.0001466080845195607,0.0,0.0,0.0,0.0,0.0,0.0,0.6388336646785951,0.5993640699523053,0.723188682852227,0.0,0.005005024456054053,0.5102040816326531,0.06617647058823531,0.0
133,Atual,RBED11,Outros,146.63,0.003944673774104431,0.14405594405594405,0.4268292682926829,0.31555555555555553,0.396551724137931,0.4248366013071895,0.4294554455445545,0.7564612326043738,0.7351351351351351,0.7075129038424774,0.07825287250227306,0.039826448070442326,0.6530612244897959,0.0,0.078125
134,Atual,RBFF11,Títulos e Val. Mob.,68.0,0.030943468838909787,0.06993006993006992,0.4451219512195122,0.3288888888888889,0.396551724137931,0.4640522875816993,0.4183168316831683,0.6931742876076873,0.6750397456279809,0.630089848977251,0.07052657543847546,0.018407275190290864,0.6020408163265306,0.06617647058823531,0.0
135,Atual,RBGS11,Shoppings,37.93,0.005841415867576248,0.0027972027972027968,0.03658536585365853,0.04,0.0,0.0,0.2376237623762376,0.559973492379059,0.5255961844197138,0.5822978398011852,0.024782016837283125,0.02343173124434401,0.08163265306122447,0.1409313725490196,0.015625
136,Atual,RBIV11,Títulos e Val. Mob.,83.48,0.013872789997663434,0.09790209790209788,0.5121951219512195,0.3644444444444444,0.4597701149425288,0.4509803921568627,0.5148514851485149,0.5069582504970179,0.4985691573926868,0.8159051806537947,0.025976948191237026,0.02600225406536789,0.5,0.06617647058823531,0.0
137,Atual,RBRF11,Títulos e Val. Mob.,89.16,0.2146342357366369,0.0839160839160839,0.39634146341463417,0.2888888888888889,0.4022988505747126,0.4313725490196079,0.3155940594059406,0.5828363154406891,0.5659777424483307,0.6264576562798699,0.3264236107540184,0.023612167511478526,0.6428571428571429,0.06617647058823531,0.0
138,Atual,RBRL11,Logística,106.7,0.4845809528609194,0.08951048951048951,0.3597560975609756,0.2577777777777778,0.3390804597701149,0.392156862745098,0.28465346534653463,0.6915175612988734,0.6689984101748808,0.7858917988912253,0.1570879894942031,0.027839928047568557,0.6734693877551021,0.0,0.109375
139,Atual,RBRP11,Outros,85.5,0.12179924771726633,0.04195804195804195,0.201219512195122,0.21333333333333326,0.3045977011494253,0.3594771241830065,0.24504950495049505,0.606361829025845,0.5786963434022258,0.6184285987382908,0.2756356835816025,0.022310250445538783,0.6530612244897959,0.12254901960784315,0.234375
140,Atual,RBRR11,Títulos e Val. Mob.,99.9,0.1019430152701483,0.1020979020979021,0.4268292682926829,0.3022222222222222,0.36781609195402293,0.3790849673202614,0.33044554455445546,0.7359178263750829,0.7157392686804451,0.9124450391894474,0.19684670028788573,0.025702452267667486,0.6734693877551021,0.06617647058823531,0.0
141,Atual,RBRS11,Híbrido,74.8,0.005497803169483527,0.05594405594405594,0.32926829268292684,0.23111111111111116,0.0,0.0,0.3032178217821782,0.6242544731610338,0.6022257551669317,0.3813802332250048,0.025491376987201924,0.02496405154370166,0.4387755102040816,0.06617647058823531,0.0
142,Atual,RBRY11,Títulos e Val. Mob.,104.49,0.027576064397601126,0.09790209790209788,0.4085365853658537,0.3022222222222222,0.4195402298850575,0.4379084967320261,0.34034653465346537,0.5994035785288271,0.5825119236883942,0.7310265723571018,0.09136752412002826,0.027046008472176725,0.6734693877551021,0.06617647058823531,0.0
143,Atual,RBVO11,Outros,12.14,0.0037751581763786892,0.0027972027972027968,0.1097560975609756,0.05333333333333333,0.15517241379310345,0.24836601307189546,0.04331683168316832,0.21968190854870775,0.2019077901430843,0.3305295354616708,0.002221868587256799,0.004380437377511534,0.20408163265306126,0.06617647058823531,0.0
144,Atual,RCRB11,Lajes Corporativas,151.98,0.027136240144042444,0.11188811188811187,0.3109756097560976,0.2266666666666667,0.28735632183908044,0.3464052287581699,0.3094059405940594,0.6795891318754143,0.6550079491255961,0.6622060791435672,0.1881057144253879,0.052712373486417316,0.4387755102040816,0.1715686274509804,0.15625
145,Atual,RDPD11,Títulos e Val. Mob.,84.0,0.0066844123535637215,0.05734265734265734,0.29878048780487804,0.2533333333333333,0.3045977011494253,0.3137254901960784,0.3056930693069307,0.4791252485089463,0.460731319554849,0.7587459376792199,0.02693083529294622,0.02555810325395988,0.5204081632653061,0.06617647058823531,0.0
146,Atual,RECR11,Títulos e Val. Mob.,101.55,0.4423120094928735,0.15384615384615385,0.6097560975609756,0.4133333333333333,0.6436781609195403,0.673202614379085,0.5037128712871287,0.6666666666666667,0.6581875993640699,0.7665838271840948,0.3518402395340841,0.024522676674864952,0.7448979591836735,0.06617647058823531,0.0
147,Atual,RECT11,Híbrido,81.74,0.09033806907989682,0.0839160839160839,0.4634146341463415,0.3333333333333333,0.4310344827586207,0.4967320261437909,0.3725247524752475,0.29787939032471844,0.2937996820349762,0.4358631236857197,0.1977319234526158,0.02399247164374663,0.5510204081632653,0.38480392156862747,0.125
148,Atual,RECX11,Outros,100.0,0.00024281963998552247,0.12587412587412586,0.5853658536585366,0.14222222222222222,0.09195402298850576,0.052287581699346414,0.1188118811881188,0.4400265076209411,0.4372019077901431,0.6256929841330529,0.004015429546837801,0.024128492829740337,0.7448979591836735,0.06617647058823531,0.0
149,Atual,RELG11,Híbrido,97.07,0.007742739463689302,0.09790209790209788,0.4207317073170732,0.3422222222222222,0.0,0.0,0.3663366336633663,0.7021206096752817,0.6823529411764706,0.8524182756643088,0.02748631969105295,0.024900204864561758,0.6734693877551021,0.18995098039215688,0.046875
150,Atual,RFOF11,Títulos e Val. Mob.,82.21,0.010725297683134112,0.08811188811188811,0.4695121951219513,0.3333333333333333,0.4310344827586207,0.4183006535947713,0.4554455445544554,0.5188866799204771,0.5077901430842607,0.617663926591474,0.025453686986044742,0.024092405576313442,0.5510204081632653,0.06617647058823531,0.0
151,Atual,RNDP11,Títulos e Val. Mob.,686.0,0.0,0.5790209790209789,0.35365853658536583,0.2577777777777778,0.3045977011494253,0.29411764705882354,0.3155940594059406,0.4615639496355203,0.4470588235294118,0.5914739055629898,0.025510475642326343,0.2595117672205597,0.3979591836734694,0.06617647058823531,0.0
152,Atual,RNGO11,Lajes Corporativas,62.0,0.023608483110290512,0.05174825174825175,0.3597560975609756,0.26666666666666666,0.3620689655172414,0.3986928104575163,0.3700495049504951,0.6713055003313453,0.6492845786963434,0.5773274708468744,0.06964462540588752,0.026188242217645003,0.2755102040816326,0.2965686274509804,0.046875
153,Atual,RRCI11,Títulos e Val. Mob.,86.04,0.010404592498247576,0.09790209790209788,0.4878048780487805,0.3422222222222222,0.0,0.0,0.37376237623762376,0.5135851557322731,0.5036565977742449,0.7589371057159242,0.01120823034436818,0.02473087236771246,0.5714285714285714,0.06617647058823531,0.0
154,Atual,RVBI11,Títulos e Val. Mob.,97.36,0.02075878846744155,0.10069930069930068,0.4695121951219513,0.3422222222222222,0.4252873563218391,0.4379084967320261,0.3762376237623761,0.6885354539430086,0.6718600953895072,0.7396291340087937,0.03446884822661958,0.02423953053259234,0.7040816326530612,0.06617647058823531,0.0
155,Atual,RZAK11,Títulos e Val. Mob.,94.55,0.023113680825036998,0.13986013986013984,0.6402439024390244,0.23111111111111116,0.0,0.0,0.1943069306930693,0.6043737574552684,0.5993640699523053,0.6675587841712866,0.07514624071538509,0.02509452084455277,0.6428571428571429,0.06617647058823531,0.0
156,Atual,RZTR11,Híbrido,101.2,0.17209040221011687,0.06993006993006992,0.29878048780487804,0.28444444444444444,0.4195402298850575,0.0,0.4319306930693069,0.4744864148442677,0.456597774244833,0.6847639074746702,0.2789483692911045,0.02511117649998057,0.7142857142857143,0.06617647058823531,0.0
157,Atual,SADI11,Títulos e Val. Mob.,86.5,0.005736041306827813,0.03916083916083917,0.201219512195122,0.12,0.14942528735632185,0.16339869281045752,0.1608910891089109,0.5284956925115971,0.5036565977742449,0.9267826419422672,0.08231832391695201,0.02598559840994009,0.5306122448979592,0.06617647058823531,0.0
158,Atual,SARE11,Híbrido,100.8,0.013588736833906784,0.08951048951048951,0.38414634146341453,0.28444444444444444,0.3275862068965517,0.2679738562091503,0.3898514851485149,0.6438038436050364,0.6241653418124007,0.8998279487669661,0.13899777558756538,0.02595228709908449,0.6734693877551021,0.0,0.046875
159,Atual,SCPF11,Shoppings,9.12,0.0016905744746161847,0.0,0.024390243902439025,0.10222222222222224,0.16666666666666666,0.16339869281045752,0.08415841584158416,0.6829025844930418,0.6429252782193959,0.5484610973045306,0.012980107789081999,0.001593391035926249,0.3877551020408163,0.3284313725490197,0.015625
160,Atual,SDIL11,Logística,94.75,0.046016612528577125,0.0839160839160839,0.38414634146341453,0.2711111111111111,0.3448275862068965,0.3660130718954249,0.3712871287128713,0.4880715705765408,0.4740858505564388,0.5977824507742305,0.1709634857807535,0.026751758559618918,0.5918367346938775,0.10171568627450983,0.078125
161,Atual,SEQR11,Outros,80.49,0.021281079768542488,0.09370629370629373,0.4573170731707317,0.0,0.0,0.0,0.1831683168316832,0.5639496355202122,0.5507154213036566,0.7078952399158861,0.03940731286573389,0.027051560357319333,0.4387755102040816,0.06617647058823531,0.0
162,Atual,SHPH11,Shoppings,828.5,0.00047189477204733616,0.22797202797202795,0.12195121951219512,0.1511111111111111,0.2183908045977012,0.16993464052287582,0.12747524752475248,0.5559973492379059,0.5259141494435613,0.7122921047600841,0.12954986312140962,0.22654744918637126,0.6836734693877551,0.1519607843137255,0.015625
163,Atual,TEPP11,Lajes Corporativas,78.0,0.02633905868446733,0.06293706293706293,0.3475609756097561,0.24,0.3103448275862069,0.3594771241830065,0.33292079207920794,0.4516235917826376,0.4368839427662957,0.5346969986618237,0.10316773910652097,0.024369999833443446,0.4897959183673469,0.2450980392156863,0.0625
164,Atual,TGAR11,Outros,137.13,0.11135800319788884,0.1622377622377622,0.5121951219512195,0.4,0.5114942528735632,0.5620915032679739,0.5358910891089109,0.6056991385023195,0.5939586645468998,0.7392467979353852,0.2461465631244276,0.03370827064329693,0.7448979591836735,0.06617647058823531,0.0
165,Atual,THRA11,Lajes Corporativas,137.99,0.0033628229386674247,0.023776223776223772,0.07317073170731707,0.08444444444444445,0.16666666666666666,0.24183006535947715,0.11014851485148516,0.7123923127899271,0.6740858505564388,0.8277575989294589,0.04283547165312593,0.029719241168338708,0.8877551020408163,0.2134803921568628,0.015625
166,Atual,TORD11,Outros,10.54,0.5344368646028524,0.013986013986013986,0.5792682926829268,0.3733333333333333,0.5919540229885057,0.6535947712418301,0.4764851485148514,0.2786613651424785,0.2807631160572337,0.5511374498183903,0.0720772280177179,0.0009771317850976301,0.6836734693877551,0.06617647058823531,0.0
167,Atual,TRNT11,Lajes Corporativas,149.0,0.00014202658187832443,0.05594405594405594,0.17073170731707318,0.10222222222222224,0.14942528735632185,0.17647058823529413,0.12252475247524752,0.2912524850894633,0.2734499205087441,0.629325176830434,0.21147184041412914,0.05564932072685281,0.3877551020408163,0.625,0.015625
168,Atual,TRXF11,Outros,105.35,0.3148820950295278,0.09790209790209788,0.4024390243902439,0.2933333333333333,0.37931034482758624,0.40522875816993453,0.4022277227722773,0.5765407554671969,0.5602543720190779,0.7654368189638692,0.15386500700446654,0.027345810269877136,0.6734693877551021,0.0,0.6875
169,Atual,URPR11,Outros,125.77,0.031552808690194216,0.2881118881118881,1.0,0.6977777777777778,0.9195402298850576,0.0,1.0,0.5235255135851558,0.5389507154213037,0.8266105907092333,0.04220309828779888,0.025738539521094388,0.9387755102040816,0.06617647058823531,0.0
170,Atual,VCJR11,Títulos e Val. Mob.,102.4,0.030169194892540857,0.11048951048951047,0.4695121951219513,0.30666666666666664,0.4425287356321839,0.4640522875816993,0.4282178217821782,0.6066931742876077,0.5930047694753577,0.7247180271458611,0.29821431946830423,0.02558863862224418,0.7040816326530612,0.06617647058823531,0.0
171,Atual,VGHF11,Títulos e Val. Mob.,9.56,0.34847825389771336,0.013986013986013986,0.6402439024390244,0.0,0.0,0.0,0.228960396039604,0.4831013916500994,0.4817170111287759,0.6765436818963869,0.040890732735107585,0.0007911436328205242,0.6530612244897959,0.06617647058823531,0.0
172,Atual,VGIP11,Outros,106.83,0.1675592960979342,0.13006993006993006,0.5304878048780488,0.3955555555555556,0.603448275862069,0.6013071895424836,0.4566831683168317,0.6998011928429424,0.6858505564387917,0.6687057923915121,0.1327326100353549,0.02458929929657615,0.7959183673469388,0.06617647058823531,0.0
173,Atual,VGIR11,Títulos e Val. Mob.,91.63,0.0282678712964278,0.06993006993006992,0.32926829268292684,0.23111111111111116,0.2988505747126437,0.33986928104575165,0.25742574257425743,0.5752153744201458,0.5554848966613672,0.8430510418657999,0.11258894624928163,0.02494184400313126,0.6224489795918368,0.06617647058823531,0.0
174,Atual,VIFI11,Títulos e Val. Mob.,87.01,0.010367940477117685,0.0839160839160839,0.4085365853658537,0.3022222222222222,0.37931034482758624,0.4313725490196079,0.4108910891089109,0.6514247846255798,0.6330683624801271,0.6885872682087554,0.07247090954454516,0.02589676824765849,0.5408163265306123,0.06617647058823531,0.0
175,Atual,VILG11,Logística,116.1,0.19596003097095785,0.07972027972027973,0.29878048780487804,0.19111111111111112,0.26436781609195403,0.29411764705882354,0.280940594059406,0.6139827700463883,0.5910969793322733,0.7027337029248709,0.4460034796469924,0.029880245837474118,0.6836734693877551,0.004901960784313725,0.21875
176,Atual,VINO11,Lajes Corporativas,60.3,0.12670603704603034,0.06293706293706293,0.4573170731707317,0.3288888888888889,0.4137931034482759,0.4379084967320261,0.4517326732673268,0.6030483764082175,0.5885532591414945,0.6838080672911488,0.19706336125228527,0.014748582881317354,0.6734693877551021,0.045343137254901966,0.140625
177,Atual,VISC11,Shoppings,108.55,0.15035117217745075,0.04895104895104895,0.1951219512195122,0.10666666666666666,0.20689655172413796,0.19607843137254904,0.2103960396039604,0.5533465871438039,0.5271860095389507,0.6279870005735041,0.4423847274039672,0.031229353927125957,0.5816326530612245,0.10416666666666667,0.234375
178,Atual,VLOL11,Lajes Corporativas,98.99,0.01360706284447173,0.05734265734265734,0.25,0.18666666666666665,0.235632183908046,0.2745098039215686,0.2549504950495049,0.5106030483764082,0.4887122416534181,0.6874402599885299,0.04416000521025989,0.02498070719912946,0.6938775510204082,0.04901960784313726,0.015625
179,Atual,VOTS11,Títulos e Val. Mob.,82.97,1.8326010564945088e-05,0.05734265734265734,0.29878048780487804,0.24,0.28160919540229884,0.2875816993464052,0.2995049504950495,0.5424121935056329,0.5220985691573927,0.8063467788185815,0.020515303973696847,0.02558863862224418,0.5102040816326531,0.06617647058823531,0.0
180,Atual,VRTA11,Títulos e Val. Mob.,111.37,0.10997897090287673,0.14545454545454545,0.5670731707317074,0.3688888888888889,0.4597701149425288,0.4705882352941176,0.5012376237623762,0.545062955599735,0.5379968203497615,0.7432613267061746,0.2620830212394829,0.0261438271365042,0.7755102040816326,0.06617647058823531,0.0
181,Atual,VSHO11,Shoppings,77.14,0.0007971814595751115,0.04895104895104895,0.2865853658536585,0.1111111111111111,0.1149425287356322,0.0,0.125,0.6447978793903247,0.6200317965023847,0.5606958516536035,0.05429135470113797,0.026107739883077297,0.42857142857142855,0.08664215686274511,0.046875
182,Atual,VSLH11,Outros,10.33,1.0,0.023776223776223772,0.9329268292682928,0.0,0.0,0.0,0.3378712871287129,1.0,1.0,0.989868094054674,0.030404073066249523,0.0008633181396743263,0.7040816326530612,0.06617647058823531,0.0
183,Atual,VTLT11,Logística,108.7,0.006038420481149408,0.1048951048951049,0.4207317073170732,0.3022222222222222,0.37931034482758624,0.3856209150326797,0.41336633663366334,0.5791915175612989,0.563751987281399,0.6549416937488052,0.05540821477050245,0.02645750864706111,0.7346938775510204,0.0,0.015625
184,Atual,WPLZ11,Shoppings,66.69,0.0005085467931772263,0.013986013986013986,0.09146341463414634,0.022222222222222227,0.0,0.0,0.018564356435643563,0.5182239893969517,0.4880763116057234,0.656279870005735,0.02690311542940734,0.027070991955318428,0.30612244897959184,0.11519607843137256,0.015625
185,Atual,WTSP11B,Híbrido,45.5,0.0001191190686721431,0.023776223776223772,0.22560975609756095,0.13333333333333333,0.15517241379310345,0.18300653594771246,0.14232673267326731,0.4075546719681909,0.3882352941176471,0.5115656662206078,0.019762880937576083,0.020217189746778517,0.2346938775510204,0.06617647058823531,0.0
186,Atual,XPCI11,Outros,100.05,0.18673746615414924,0.13986013986013984,0.6097560975609756,0.4222222222222222,0.5114942528735632,0.5098039215686274,0.5631188118811881,0.6474486414844268,0.6394276629570748,0.8755496081055246,0.16539789628712714,0.025097296787124062,0.7040816326530612,0.06617647058823531,0.0
187,Atual,XPHT11,Hotel,87.9,1.374450792370882e-05,0.04755244755244755,0.2439024390243903,0.15555555555555556,0.21264367816091956,0.0,0.12995049504950495,0.03346587143803849,0.028934817170111288,0.4003058688587268,0.0852916744119891,0.022240851881256282,0.6836734693877551,1.0,0.078125
188,Atual,XPIN11,Outros,105.07,0.04603035703650083,0.08951048951048951,0.36585365853658536,0.2533333333333333,0.3160919540229885,0.35294117647058826,0.2784653465346535,0.5178926441351889,0.5014308426073132,0.6310456891607723,0.18910275742863691,0.02885869897123568,0.6224489795918368,0.12132352941176472,0.078125
189,Atual,XPLG11,Logística,114.1,0.2582867929023361,0.0853146853146853,0.32926829268292684,0.23111111111111116,0.28735632183908044,0.3071895424836601,0.3118811881188119,0.5715705765407555,0.5513513513513513,0.6480596444274517,0.7770366086064364,0.02871712590009938,0.7040816326530612,0.10049019607843138,0.203125
190,Atual,XPML11,Shoppings,107.49,0.21262753757977546,0.04195804195804195,0.17682926829268292,0.09777777777777777,0.18965517241379312,0.1895424836601307,0.12128712871287127,0.5059642147117297,0.4807631160572337,0.5924297457465111,0.5197771058980329,0.028597760369533477,0.6530612244897959,0.06740196078431374,0.203125
191,Atual,XPPR11,Outros,62.8,0.1481337248990924,0.06713286713286712,0.4573170731707317,0.32,0.396551724137931,0.4967320261437909,0.4257425742574257,0.4668654738237243,0.4572337042925279,0.3821449053718218,0.16514547076013486,0.022293594790110983,0.3877551020408163,0.4779411764705882,0.0625
192,Atual,XPSF11,Outros,97.5,0.09382917409251887,0.12167832167832167,0.5426829268292683,0.3644444444444444,0.4540229885057471,0.5098039215686274,0.4962871287128713,0.6573889993373094,0.6454689984101748,0.8422863697189829,0.1098091201281943,0.025349907561112373,0.6632653061224489,0.06617647058823531,0.0
193,Atual,XTED11,Lajes Corporativas,7.13,0.03188267688036322,0.0,0.0,0.0,0.0,0.0,0.0,0.6752816434724984,0.6343402225755167,0.0,0.005806189219596164,0.0020319899621916624,0.16326530612244894,0.0,0.015625
